{"stats":{"minecraft:dropped":{"minecraft:rotten_flesh":2,"minecraft:stone":1,"minecraft:oak_leaves":1,"minecraft:oak_log":1},"minecraft:used":{"minecraft:oak_log":32,"minecraft:oak_leaves":1,"minecraft:stone":3},"minecraft:custom":{"minecraft:jump":522,"minecraft:time_since_rest":71220,"minecraft:damage_dealt":133,"minecraft:crouch_one_cm":2056,"minecraft:sprint_one_cm":60736,"minecraft:play_time":71220,"minecraft:walk_on_water_one_cm":843,"minecraft:time_since_death":71220,"minecraft:walk_one_cm":23469,"minecraft:sneak_time":1132,"minecraft:total_world_time":71220,"minecraft:walk_under_water_one_cm":1630,"minecraft:drop":4,"minecraft:fly_one_cm":309482,"minecraft:horse_one_cm":899},"minecraft:picked_up":{"minecraft:rotten_flesh":2}},"DataVersion":3955}