{"stats":{"minecraft:dropped":{"minecraft:rotten_flesh":2,"minecraft:stone":1,"minecraft:oak_leaves":1,"minecraft:oak_log":1},"minecraft:used":{"minecraft:oak_log":32,"minecraft:oak_leaves":1,"minecraft:stone":4},"minecraft:custom":{"minecraft:jump":548,"minecraft:leave_game":1,"minecraft:time_since_rest":84918,"minecraft:damage_dealt":209,"minecraft:crouch_one_cm":2065,"minecraft:sprint_one_cm":65913,"minecraft:play_time":84918,"minecraft:walk_on_water_one_cm":843,"minecraft:time_since_death":84918,"minecraft:walk_one_cm":26175,"minecraft:sneak_time":1190,"minecraft:total_world_time":84918,"minecraft:walk_under_water_one_cm":1630,"minecraft:drop":4,"minecraft:fly_one_cm":318564,"minecraft:horse_one_cm":899},"minecraft:picked_up":{"minecraft:rotten_flesh":2}},"DataVersion":3955}