{"stats":{"minecraft:used":{"minecraft:oak_log":32,"minecraft:oak_leaves":1,"minecraft:stone":2},"minecraft:custom":{"minecraft:jump":472,"minecraft:time_since_rest":47220,"minecraft:damage_dealt":133,"minecraft:crouch_one_cm":1877,"minecraft:sprint_one_cm":54761,"minecraft:play_time":47220,"minecraft:walk_on_water_one_cm":843,"minecraft:time_since_death":47220,"minecraft:walk_one_cm":20817,"minecraft:sneak_time":905,"minecraft:total_world_time":47220,"minecraft:walk_under_water_one_cm":1630,"minecraft:fly_one_cm":265388,"minecraft:horse_one_cm":899},"minecraft:picked_up":{"minecraft:rotten_flesh":2}},"DataVersion":3955}