{"stats":{"minecraft:used":{"minecraft:oak_log":32,"minecraft:oak_leaves":1},"minecraft:custom":{"minecraft:jump":281,"minecraft:time_since_rest":23220,"minecraft:damage_dealt":123,"minecraft:crouch_one_cm":1567,"minecraft:sprint_one_cm":29709,"minecraft:play_time":23220,"minecraft:walk_on_water_one_cm":843,"minecraft:time_since_death":23220,"minecraft:walk_one_cm":11586,"minecraft:sneak_time":639,"minecraft:total_world_time":23220,"minecraft:walk_under_water_one_cm":1630,"minecraft:fly_one_cm":185235,"minecraft:horse_one_cm":899},"minecraft:picked_up":{"minecraft:rotten_flesh":2}},"DataVersion":3955}